filename,width,height,class,xmin,ymin,xmax,ymax
20230319_170308.jpg,4000,1800,five,2044,478,2333,751
20230319_170308.jpg,4000,1800,seven,1733,508,1990,770
20230319_170308.jpg,4000,1800,three,1219,470,1517,740
20230319_170308.jpg,4000,1800,seven,774,846,1074,1124
20230319_170308.jpg,4000,1800,one,1711,821,2011,1086
20230319_170308.jpg,4000,1800,nine,965,1189,1314,1486
20230319_170308.jpg,4000,1800,seven,1674,1337,1982,1613
20230319_170413.jpg,4000,1800,one,1365,435,1822,797
20230319_170413.jpg,4000,1800,four,1271,743,1706,1164
20230319_170413.jpg,4000,1800,five,663,1181,1192,1681
20230319_170413.jpg,4000,1800,four,1995,1194,2463,1629
20230319_170759.jpg,4000,1800,one,1690,702,2301,1254
20230319_170819.jpg,4000,1800,two,1741,670,2374,1270
20230319_170918.jpg,4000,1800,three,1592,416,2306,1110
20230319_170954.jpg,4000,1800,four,1909,689,2098,889
20230319_171013.jpg,4000,1800,five,2501,556,2955,997
20230319_171518.jpg,4000,1800,seven,1846,397,2146,643
20230319_171518.jpg,4000,1800,one,2482,381,2809,659
20230319_171518.jpg,4000,1800,two,1303,1135,1609,1405
20230319_171518.jpg,4000,1800,two,2568,956,2865,1254
20230319_171546.jpg,4000,1800,six,1863,229,2041,427
20230319_171546.jpg,4000,1800,six,2701,194,2930,400
20230319_171546.jpg,4000,1800,six,1622,643,1892,886
20230319_171546.jpg,4000,1800,two,2595,1440,2836,1716
20230319_171626.jpg,4000,1800,one,1344,373,1638,629
20230319_171626.jpg,4000,1800,five,2617,251,2903,529
20230319_171626.jpg,4000,1800,seven,2722,713,3030,1021
20230319_171626.jpg,4000,1800,four,2368,1383,2630,1624
20230319_171725.jpg,4000,1800,five,1360,667,1728,954
20230319_171725.jpg,4000,1800,three,2106,781,2468,1100
20230319_171725.jpg,4000,1800,five,1595,1170,1944,1518
20230319_171725.jpg,4000,1800,two,2557,1100,2822,1375
20230319_171815.jpg,4000,1800,five,1630,473,1919,718
20230319_171815.jpg,4000,1800,seven,1730,816,1998,1046
20230319_171815.jpg,4000,1800,seven,1914,954,2163,1164
20230319_171815.jpg,4000,1800,two,1236,1221,1582,1486
20230319_171930.jpg,4000,1800,two,1860,1289,2160,1616
20230319_171930.jpg,4000,1800,eight,2584,981,2955,1283
20230319_171930.jpg,4000,1800,three,2238,478,2492,767
20230319_171930.jpg,4000,1800,eight,1719,548,2063,867
20230319_171937.jpg,4000,1800,three,1987,240,2322,556
20230319_171937.jpg,4000,1800,eight,1711,616,2087,962
20230319_171937.jpg,4000,1800,eight,2606,348,2933,648
20230319_171937.jpg,4000,1800,two,2336,1016,2706,1362
20230319_172435.jpg,4000,1800,eight,1587,97,1874,381
20230319_172435.jpg,4000,1800,one,1230,240,1525,537
20230319_172435.jpg,4000,1800,seven,990,327,1303,602
20230319_172435.jpg,4000,1800,two,1133,529,1419,770
20230319_172435.jpg,4000,1800,eight,1609,429,1911,697
20230319_172435.jpg,4000,1800,eight,1587,856,1895,1140
20230319_172435.jpg,4000,1800,one,795,794,1141,1064
20230319_172435.jpg,4000,1800,six,1371,1394,1692,1724
20230319_173205.jpg,1800,4000,two,54,994,275,1182
20230319_173205.jpg,1800,4000,eight,906,909,1115,1124
20230319_173205.jpg,1800,4000,nine,778,1091,1006,1294
20230319_173205.jpg,1800,4000,seven,524,1221,754,1418
20230319_173205.jpg,1800,4000,seven,275,1548,478,1764
20230319_173205.jpg,1800,4000,six,1003,1488,1248,1703
20230319_173205.jpg,1800,4000,seven,666,2118,869,2315
20230319_173205.jpg,1800,4000,five,1157,2188,1387,2394
20230319_173205.jpg,1800,4000,five,1481,2342,1690,2518
20230319_173205.jpg,1800,4000,eight,1460,2497,1672,2673
20230319_173408.jpg,4000,1800,five,1144,381,1360,602
20230319_173408.jpg,4000,1800,four,1663,594,1911,832
20230319_173408.jpg,4000,1800,eleven,895,902,1117,1113
20230319_173408.jpg,4000,1800,four,1195,948,1392,1154
20230319_173408.jpg,4000,1800,four,1403,905,1603,1083
20230319_173408.jpg,4000,1800,nine,1622,932,1844,1143
20230319_173408.jpg,4000,1800,four,2201,1097,2444,1300
20230319_173408.jpg,4000,1800,three,1484,1208,1738,1432
20230319_173408.jpg,4000,1800,three,890,1270,1155,1494
20230319_173408.jpg,4000,1800,nine,1249,1400,1479,1656
20230319_173529.jpg,4000,1800,seven,679,943,1071,1283
20230319_173529.jpg,4000,1800,twelve,757,1267,1168,1627
20230319_173529.jpg,4000,1800,six,1587,500,1925,810
20230319_173529.jpg,4000,1800,four,2811,883,3203,1270
20230319_173634.jpg,4000,1800,seven,260,610,641,978
20230319_173634.jpg,4000,1800,four,1309,659,1714,989
20230319_173634.jpg,4000,1800,nine,1692,1254,2019,1589
20230319_173634.jpg,4000,1800,ten,2206,951,2506,1251
20230319_173634.jpg,4000,1800,three,2414,1102,2733,1381
20230319_173634.jpg,4000,1800,nine,3001,594,3368,981
20230319_173651.jpg,4000,1800,nine,665,1500,982,1764
20230319_173651.jpg,4000,1800,four,1311,1197,1582,1473
20230319_173651.jpg,4000,1800,seven,1530,1183,1790,1454
20230319_173651.jpg,4000,1800,two,1268,481,1582,751
20230319_173651.jpg,4000,1800,nine,1622,100,1906,362
20230319_173651.jpg,4000,1800,ten,2128,181,2433,432
20230319_173651.jpg,4000,1800,three,2187,400,2468,605
20230319_173651.jpg,4000,1800,nine,2790,402,3128,694
20230423_163838.jpg,1800,4000,eight,124,1264,372,1491
20230423_163838.jpg,1800,4000,one,557,1418,863,1694
20230423_163838.jpg,1800,4000,five,497,2009,830,2273
20230423_163838.jpg,1800,4000,three,1230,2188,1578,2473
20230423_163838.jpg,1800,4000,four,1542,1770,1778,2015
20230423_163855.jpg,1800,4000,one,562,803,858,1156
20230423_163855.jpg,1800,4000,six,867,1325,1271,1712
20230423_163855.jpg,1800,4000,two,602,2812,1006,3186
20230423_163921.jpg,1800,4000,six,332,795,732,1151
20230423_163921.jpg,1800,4000,eleven,662,969,1054,1360
20230423_163921.jpg,1800,4000,two,858,1221,1267,1617
20230423_163921.jpg,1800,4000,ten,1184,1573,1684,2017
20230423_163921.jpg,1800,4000,six,184,2030,710,2503
20230430_112333.jpg,1800,4000,eight,745,1786,1241,2169
20230430_112344.jpg,1800,4000,six,562,1860,1097,2247
20230430_112406.jpg,1800,4000,two,162,1630,584,2043
20230430_112406.jpg,1800,4000,five,1123,2177,1545,2534
20230430_112457.jpg,1800,4000,one,793,425,1319,886
20230430_112457.jpg,1800,4000,eight,184,1886,715,2360
20230430_112457.jpg,1800,4000,three,623,2843,1145,3321
20230430_112506.jpg,1800,4000,twelve,723,464,1254,973
20230430_112506.jpg,1800,4000,two,693,1938,1149,2382
20230430_112506.jpg,1800,4000,four,341,2238,784,2634
20230430_112526.jpg,1800,4000,three,1076,1030,1380,1277
20230430_112526.jpg,1800,4000,two,562,1043,867,1290
20230430_112526.jpg,1800,4000,two,67,1090,380,1338
20230430_112526.jpg,1800,4000,four,358,1434,580,1643
20230430_112526.jpg,1800,4000,four,558,1464,776,1721
20230430_112526.jpg,1800,4000,four,1458,1986,1758,2234
20230430_112526.jpg,1800,4000,three,136,2630,445,2908
20230430_112526.jpg,1800,4000,five,832,2682,1110,2951
20230430_112543.jpg,1800,4000,five,97,1434,449,1756
20230430_112543.jpg,1800,4000,six,671,1290,980,1569
20230430_112543.jpg,1800,4000,one,1032,1125,1332,1451
20230430_112543.jpg,1800,4000,five,619,1738,906,2017
20230430_112543.jpg,1800,4000,two,1076,1930,1345,2225
20230430_112543.jpg,1800,4000,four,1328,1973,1667,2282
20230430_112543.jpg,1800,4000,two,1023,2282,1393,2603
20230430_112543.jpg,1800,4000,four,910,2986,1258,3330
20230430_112602.jpg,1800,4000,one,1136,699,1423,986
20230430_112602.jpg,1800,4000,five,445,938,793,1238
20230430_112602.jpg,1800,4000,four,1167,1317,1410,1530
20230430_112602.jpg,1800,4000,two,397,2308,658,2586
20230430_112602.jpg,1800,4000,five,858,2682,1149,2947
20230430_112642.jpg,1800,4000,five,62,869,345,1156
20230430_112642.jpg,1800,4000,five,10,1930,293,2238
20230430_112642.jpg,1800,4000,two,715,1217,984,1512
20230430_112642.jpg,1800,4000,seven,867,1769,1167,2047
20230430_112642.jpg,1800,4000,eight,1458,1164,1784,1477
20230430_112702.jpg,1800,4000,five,41,1617,384,1964
20230430_112702.jpg,1800,4000,eight,328,999,762,1369
20230430_112702.jpg,1800,4000,three,1149,751,1545,1121
20230430_112702.jpg,1800,4000,four,815,2403,1210,2769
20230430_112718.jpg,1800,4000,four,389,1373,723,1747
20230430_112718.jpg,1800,4000,eight,1115,1269,1528,1586
20230430_112718.jpg,1800,4000,eight,793,2499,1180,2825
20230430_112728.jpg,1800,4000,six,602,934,993,1325
20230430_112728.jpg,1800,4000,three,615,2056,1049,2460
20230430_112728.jpg,1800,4000,five,989,2838,1406,3325
20230430_112814.jpg,1800,4000,six,523,577,932,986
20230430_112814.jpg,1800,4000,seven,497,951,932,1325
20230430_112814.jpg,1800,4000,seven,102,1277,449,1569
20230430_112814.jpg,1800,4000,eleven,184,2834,667,3238
20230430_112814.jpg,1800,4000,ten,1141,3182,1576,3634
20230430_151719.jpg,1800,4000,one,654,525,1006,830
20230430_151719.jpg,1800,4000,three,484,1638,845,1951
20230430_151719.jpg,1800,4000,nine,654,1856,997,2151
20230430_151719.jpg,1800,4000,eight,928,2330,1293,2643
20230430_151719.jpg,1800,4000,twelve,1128,2969,1493,3330
20230430_151719.jpg,1800,4000,six,389,2908,793,3308
20230430_151745.jpg,1800,4000,twelve,484,617,797,951
20230430_151745.jpg,1800,4000,six,997,669,1423,1038
20230430_151745.jpg,1800,4000,eight,545,1190,871,1508
20230430_151745.jpg,1800,4000,nine,654,1577,989,1899
20230430_151745.jpg,1800,4000,three,897,1864,1197,2156
20230430_151745.jpg,1800,4000,one,628,2934,941,3247
20230430_152059.jpg,1800,4000,one,867,195,1310,638
20230430_152059.jpg,1800,4000,one,71,843,506,1251
20230430_152059.jpg,1800,4000,six,641,1634,1023,1986
20230430_152059.jpg,1800,4000,two,528,2417,884,2843
20230430_152059.jpg,1800,4000,five,1067,3086,1532,3538
20230430_152109.jpg,1800,4000,five,49,1347,293,1564
20230430_152109.jpg,1800,4000,two,571,1364,858,1643
20230430_152109.jpg,1800,4000,six,862,1782,1136,2069
20230430_152109.jpg,1800,4000,one,1519,1908,1732,2169
20230430_152109.jpg,1800,4000,one,1410,2603,1745,2938
20230430_152224.jpg,1800,4000,three,689,786,1028,1173
20230430_152224.jpg,1800,4000,six,432,999,797,1386
20230430_152224.jpg,1800,4000,three,110,986,532,1421
20230430_152224.jpg,1800,4000,four,402,1764,876,2221
20230430_152224.jpg,1800,4000,five,1341,2143,1793,2590
20230430_152224.jpg,1800,4000,six,402,2930,954,3377
20230430_152232.jpg,1800,4000,six,10,2308,289,2612
20230430_152232.jpg,1800,4000,four,667,1817,1019,2103
20230430_152232.jpg,1800,4000,five,806,2564,1197,2951
20230430_152232.jpg,1800,4000,three,1084,1256,1410,1560
20230430_152232.jpg,1800,4000,six,1241,1464,1541,1751
20230430_152232.jpg,1800,4000,three,1510,1543,1784,1808
20230430_152242.jpg,1800,4000,five,384,912,715,1243
20230430_152242.jpg,1800,4000,six,1193,669,1558,1047
20230430_152242.jpg,1800,4000,four,876,1456,1276,1751
20230430_152242.jpg,1800,4000,three,393,2121,723,2417
20230430_152242.jpg,1800,4000,six,680,2051,954,2303
20230430_152242.jpg,1800,4000,three,919,2169,1154,2408
20230430_152355.jpg,1800,4000,six,484,890,819,1230
20230430_152355.jpg,1800,4000,four,45,1295,393,1603
20230430_152355.jpg,1800,4000,eight,1354,1412,1741,1812
20230430_152355.jpg,1800,4000,eight,676,2008,1006,2330
20230430_152355.jpg,1800,4000,six,1289,2434,1610,2843
20230430_152355.jpg,1800,4000,five,719,2790,1102,3138
20230430_152404.jpg,1800,4000,six,128,1730,358,1921
20230430_152404.jpg,1800,4000,eight,628,1173,910,1438
20230430_152404.jpg,1800,4000,four,339,2076,560,2306
20230430_152404.jpg,1800,4000,eight,890,1758,1178,2024
20230430_152404.jpg,1800,4000,six,1327,1403,1618,1685
20230430_152404.jpg,1800,4000,five,1442,1830,1712,2100
20230430_152413.jpg,1800,4000,five,45,2338,349,2599
20230430_152413.jpg,1800,4000,six,445,2630,828,2938
20230430_152413.jpg,1800,4000,eight,597,1990,923,2303
20230430_152413.jpg,1800,4000,eight,1262,2317,1562,2625
20230430_152413.jpg,1800,4000,four,945,1308,1206,1556
20230430_152413.jpg,1800,4000,six,1371,1486,1693,1764
20230430_152624.jpg,1800,4000,five,67,1590,371,1873
20230430_152624.jpg,1800,4000,six,58,2103,397,2460
20230430_152624.jpg,1800,4000,seven,467,1764,793,2064
20230430_152624.jpg,1800,4000,seven,462,2034,823,2321
20230430_152624.jpg,1800,4000,six,723,2451,1028,2751
20230430_152624.jpg,1800,4000,zero,1471,2408,1800,2703
20230430_152630.jpg,1800,4000,zero,15,2212,306,2443
20230430_152630.jpg,1800,4000,six,393,1608,732,1886
20230430_152630.jpg,1800,4000,six,1028,1290,1332,1599
20230430_152630.jpg,1800,4000,five,1419,1590,1732,1877
20230430_152630.jpg,1800,4000,seven,871,1669,1145,1947
20230430_152630.jpg,1800,4000,seven,1106,1773,1371,2064
20230430_152813.jpg,1800,4000,six,302,1012,589,1343
20230430_152813.jpg,1800,4000,nine,971,1077,1332,1377
20230430_152813.jpg,1800,4000,eight,776,1490,1119,1782
20230430_152813.jpg,1800,4000,five,880,1934,1262,2238
20230430_152813.jpg,1800,4000,nine,976,2234,1319,2543
20230430_152813.jpg,1800,4000,four,580,2947,923,3321
20230430_152952.jpg,1800,4000,two,506,617,1054,1060
20230430_152952.jpg,1800,4000,seven,480,1438,941,1882
20230430_152952.jpg,1800,4000,four,1045,1773,1476,2199
20230430_153000.jpg,1800,4000,four,410,1243,832,1638
20230430_153000.jpg,1800,4000,seven,728,1773,1202,2151
20230430_153000.jpg,1800,4000,two,345,2495,849,2943
20230430_153006.jpg,1800,4000,four,115,1921,580,2386
20230430_153006.jpg,1800,4000,seven,671,1638,1067,2034
20230430_153006.jpg,1800,4000,two,1302,2051,1749,2477
20230430_153120.jpg,1800,4000,five,115,1843,393,2103
20230430_153120.jpg,1800,4000,one,923,1103,1197,1399
20230430_153120.jpg,1800,4000,five,1336,1951,1615,2247
20230430_153120.jpg,1800,4000,three,1462,2403,1771,2690
20230430_153125.jpg,1800,4000,five,154,1051,489,1343
20230430_153125.jpg,1800,4000,one,1315,1156,1615,1408
20230430_153125.jpg,1800,4000,five,949,2060,1245,2364
20230430_153125.jpg,1800,4000,three,728,2486,1032,2773
20230430_153156.jpg,1800,4000,five,932,2003,1332,2438
20230430_153156.jpg,1800,4000,eight,467,969,997,1438
20230430_153337.jpg,1800,4000,ten,1193,1538,1654,1956
20230430_153337.jpg,1800,4000,one,358,1364,780,1738
20230430_153337.jpg,1800,4000,eleven,128,1856,554,2243
20230430_153337.jpg,1800,4000,eight,523,2351,932,2756
20230430_153337.jpg,1800,4000,four,289,2608,723,2982
20230430_153341.jpg,1800,4000,ten,589,973,954,1351
20230430_153341.jpg,1800,4000,one,67,1647,480,2038
20230430_153341.jpg,1800,4000,eleven,449,2051,806,2417
20230430_153341.jpg,1800,4000,eight,1045,1890,1423,2256
20230430_153341.jpg,1800,4000,four,1232,2160,1576,2521
20230430_153601.jpg,1800,4000,seven,10,1690,319,2030
20230430_153601.jpg,1800,4000,two,454,895,828,1208
20230430_153601.jpg,1800,4000,six,958,1003,1271,1351
20230430_153601.jpg,1800,4000,four,797,1330,1071,1595
20230430_153601.jpg,1800,4000,ten,1415,1712,1758,2051
20230430_153601.jpg,1800,4000,nine,854,2221,1223,2495
20230430_153601.jpg,1800,4000,eight,602,3043,945,3386
20230430_153609.jpg,1800,4000,eight,15,399,271,686
20230430_153609.jpg,1800,4000,seven,1249,964,1597,1351
20230430_153609.jpg,1800,4000,nine,236,1169,667,1495
20230430_153609.jpg,1800,4000,ten,141,1808,502,2212
20230430_153609.jpg,1800,4000,four,919,1803,1236,2082
20230430_153609.jpg,1800,4000,six,945,2099,1284,2403
20230430_153609.jpg,1800,4000,two,1380,1899,1745,2243
20230430_153809.jpg,1800,4000,five,1019,325,1502,777
20230430_153809.jpg,1800,4000,two,376,1012,828,1447
20230430_153809.jpg,1800,4000,twelve,780,1795,1193,2199
20230430_153809.jpg,1800,4000,nine,1210,1703,1680,2147
20230430_153809.jpg,1800,4000,five,319,2717,741,3173
20230430_153817.jpg,1800,4000,five,976,117,1454,634
20230430_153817.jpg,1800,4000,five,510,2512,936,2903
20230430_153817.jpg,1800,4000,two,1054,1843,1476,2264
20230430_153817.jpg,1800,4000,twelve,641,1177,1058,1573
20230430_153817.jpg,1800,4000,nine,228,1269,636,1669
20230430_153947.jpg,1800,4000,seven,772,1606,1027,1830
20230430_153947.jpg,1800,4000,nine,818,1833,1030,2058
20230430_153947.jpg,1800,4000,five,693,1964,915,2206
20230430_153947.jpg,1800,4000,three,684,2173,978,2415
20230430_153953.jpg,1800,4000,seven,206,1286,619,1743
20230430_153953.jpg,1800,4000,nine,632,1451,1115,1925
20230430_153953.jpg,1800,4000,five,836,1838,1215,2203
20230430_153953.jpg,1800,4000,three,1202,1921,1680,2377
20230430_154137.jpg,1800,4000,three,210,834,506,1156
20230430_154137.jpg,1800,4000,ten,658,582,1032,912
20230430_154137.jpg,1800,4000,five,971,812,1332,1121
20230430_154137.jpg,1800,4000,three,454,1125,758,1421
20230430_154137.jpg,1800,4000,eleven,745,1038,1071,1390
20230430_154335.jpg,1800,4000,five,1019,1051,1410,1464
20230430_154335.jpg,1800,4000,ten,923,1403,1410,1790
20230430_154335.jpg,1800,4000,twelve,506,1264,954,1699
20230430_154335.jpg,1800,4000,three,215,1690,676,2073
20230430_154335.jpg,1800,4000,two,132,2077,571,2464
20230430_154344.jpg,1800,4000,two,919,1056,1454,1486
20230430_154344.jpg,1800,4000,three,1041,1499,1458,1877
20230430_154344.jpg,1800,4000,twelve,862,1960,1323,2434
20230430_154344.jpg,1800,4000,ten,415,2030,849,2408
20230430_154344.jpg,1800,4000,five,432,2351,928,2756
20230430_154538.jpg,1800,4000,five,180,1077,602,1538
20230430_154538.jpg,1800,4000,three,1162,1082,1554,1517
20230430_154538.jpg,1800,4000,zero,1228,2243,1632,2673
20230430_154538.jpg,1800,4000,seven,519,2656,980,3090
20230430_154538.jpg,1800,4000,twelve,502,3117,902,3534
20230430_154547.jpg,1800,4000,twelve,1319,703,1780,1103
20230430_154547.jpg,1800,4000,seven,1119,1038,1484,1464
20230430_154547.jpg,1800,4000,zero,380,1147,819,1521
20230430_154547.jpg,1800,4000,three,32,2156,441,2464
20230430_154547.jpg,1800,4000,five,762,2499,1228,2947
20230430_154702.jpg,1800,4000,four,815,577,1158,912
20230430_154702.jpg,1800,4000,three,671,886,976,1256
20230430_154702.jpg,1800,4000,six,906,1090,1215,1447
20230430_154702.jpg,1800,4000,two,1249,1203,1649,1543
20230430_154702.jpg,1800,4000,one,697,1295,1036,1625
20230430_154702.jpg,1800,4000,five,276,2060,632,2447
20230430_154702.jpg,1800,4000,two,806,2121,1141,2499
20230430_154702.jpg,1800,4000,two,206,2751,745,3208
20230430_154901.jpg,1800,4000,twelve,593,238,984,621
20230430_154901.jpg,1800,4000,ten,636,886,993,1269
20230430_154901.jpg,1800,4000,two,628,2117,1089,2608
20230430_154901.jpg,1800,4000,twelve,1323,3025,1671,3377
20230430_155125.jpg,1800,4000,five,1062,982,1458,1430
20230430_155125.jpg,1800,4000,six,36,1230,445,1695
20230430_155125.jpg,1800,4000,two,576,1421,1036,1917
20230430_155125.jpg,1800,4000,eight,1384,1934,1800,2395
20230430_155125.jpg,1800,4000,five,128,2208,580,2647
20230430_155131.jpg,1800,4000,five,219,956,593,1382
20230430_155131.jpg,1800,4000,five,1258,1869,1715,2303
20230430_155131.jpg,1800,4000,two,571,1430,1023,1843
20230430_155131.jpg,1800,4000,six,358,1951,871,2347
20230430_155131.jpg,1800,4000,eight,1058,621,1580,1082
20230430_155224.jpg,1800,4000,four,515,1103,980,1586
20230430_155224.jpg,1800,4000,six,884,1673,1428,2130
20230430_155224.jpg,1800,4000,five,258,2043,771,2508
20230430_155224.jpg,1800,4000,seven,984,2177,1562,2664
20230430_155230.jpg,1800,4000,seven,489,1151,919,1534
20230430_155230.jpg,1800,4000,five,989,1477,1441,1882
20230430_155230.jpg,1800,4000,six,428,1608,828,1921
20230430_155230.jpg,1800,4000,four,571,2134,993,2543
20230430_155346.jpg,1800,4000,twelve,976,1182,1462,1690
20230430_155346.jpg,1800,4000,four,402,1051,854,1477
20230430_155346.jpg,1800,4000,twelve,393,1473,841,1930
20230430_155346.jpg,1800,4000,one,610,1943,1058,2386
20230430_155346.jpg,1800,4000,seven,593,2447,1097,3003
20230430_155605.jpg,1800,4000,two,467,1112,976,1560
20230430_155605.jpg,1800,4000,two,1215,1312,1762,1721
20230430_155605.jpg,1800,4000,four,371,1538,793,1986
20230430_155605.jpg,1800,4000,ten,784,1843,1176,2260
20230430_155605.jpg,1800,4000,seven,1136,1747,1549,2230
20230430_155605.jpg,1800,4000,ten,119,2447,593,2890
20230430_155616.jpg,1800,4000,ten,841,247,1354,738
20230430_155616.jpg,1800,4000,ten,489,1095,941,1530
20230430_155616.jpg,1800,4000,two,228,1743,689,2156
20230430_155616.jpg,1800,4000,two,984,1677,1415,2069
20230430_155616.jpg,1800,4000,four,976,1243,1376,1643
20230430_155616.jpg,1800,4000,seven,193,1273,606,1708
20230430_155734.jpg,1800,4000,five,632,1643,1076,2069
20230430_155734.jpg,1800,4000,four,858,1964,1332,2377
20230430_155734.jpg,1800,4000,eight,428,1917,867,2317
20230430_155734.jpg,1800,4000,ten,371,2290,858,2686
20230430_155737.jpg,1800,4000,five,809,1788,1036,2018
20230430_155737.jpg,1800,4000,four,936,1967,1160,2161
20230430_155737.jpg,1800,4000,eight,684,1924,924,2148
20230430_155737.jpg,1800,4000,ten,690,2127,927,2330
20230430_155858.jpg,1800,4000,two,232,1938,680,2360
20230430_155858.jpg,1800,4000,twelve,406,2595,893,3056
20230430_155858.jpg,1800,4000,zero,680,1986,1136,2356
20230430_155858.jpg,1800,4000,nine,1249,1451,1719,1834
20230430_155858.jpg,1800,4000,three,1289,1786,1736,2173
20230430_155858.jpg,1800,4000,six,1228,2125,1658,2512
20230430_155905.jpg,1800,4000,twelve,236,1490,636,1843
20230430_155905.jpg,1800,4000,two,789,1425,1141,1764
20230430_155905.jpg,1800,4000,zero,741,1751,1089,2082
20230430_155905.jpg,1800,4000,six,567,2147,910,2447
20230430_155905.jpg,1800,4000,three,849,2221,1154,2569
20230430_155905.jpg,1800,4000,nine,1119,2195,1380,2564
20230430_160116.jpg,1800,4000,three,210,1656,597,1995
20230430_160116.jpg,1800,4000,ten,506,1908,832,2173
20230430_160116.jpg,1800,4000,six,867,1673,1245,2038
20230430_160116.jpg,1800,4000,three,915,2121,1267,2460
20230430_160116.jpg,1800,4000,eight,1293,2169,1602,2508
20230430_160116.jpg,1800,4000,two,645,2547,954,2843
20230430_160116.jpg,1800,4000,three,6,2538,306,2930
20230430_160116.jpg,1800,4000,one,310,2812,671,3121
20230430_160324.jpg,1800,4000,zero,97,1317,393,1630
20230430_160324.jpg,1800,4000,seven,915,1682,1254,2021
20230430_160324.jpg,1800,4000,zero,1349,1708,1706,2030
20230430_160324.jpg,1800,4000,seven,1397,2017,1749,2299
20230430_160324.jpg,1800,4000,one,1058,2251,1354,2530
20230430_160324.jpg,1800,4000,eleven,1297,2282,1623,2651
20230430_160443.jpg,1800,4000,one,402,912,919,1403
20230430_160443.jpg,1800,4000,five,541,2003,1010,2477
20230430_160443.jpg,1800,4000,one,867,2195,1328,2647
20230430_160443.jpg,1800,4000,five,671,2721,1110,3195
20230430_160443.jpg,1800,4000,eight,971,2960,1454,3503
20230430_160451.jpg,1800,4000,one,36,2573,419,2934
20230430_160451.jpg,1800,4000,five,745,2247,1136,2656
20230430_160451.jpg,1800,4000,one,828,1986,1206,2334
20230430_160451.jpg,1800,4000,five,1276,2051,1641,2334
20230430_160451.jpg,1800,4000,eight,1345,1769,1710,2112
20230430_160648.jpg,1800,4000,eight,1180,1082,1562,1434
20230430_160648.jpg,1800,4000,ten,1367,1899,1749,2243
20230430_160648.jpg,1800,4000,nine,976,2138,1323,2469
20230430_160648.jpg,1800,4000,four,402,1634,754,1986
20230430_160648.jpg,1800,4000,five,136,2447,545,2895
20230430_160653.jpg,1800,4000,ten,815,969,1162,1325
20230430_160653.jpg,1800,4000,eight,71,1134,393,1460
20230430_160653.jpg,1800,4000,nine,1032,1360,1367,1725
20230430_160653.jpg,1800,4000,four,489,1899,858,2243
20230430_160653.jpg,1800,4000,five,1297,2143,1649,2547
20230430_160907.jpg,1800,4000,zero,293,721,754,1108
20230430_160907.jpg,1800,4000,ten,1010,808,1432,1177
20230430_160907.jpg,1800,4000,eight,1389,1338,1771,1751
20230430_160907.jpg,1800,4000,eight,767,1243,1249,1717
20230430_160907.jpg,1800,4000,twelve,284,1208,732,1612
20230430_160907.jpg,1800,4000,zero,358,1651,819,2099
20230430_160907.jpg,1800,4000,twelve,15,2099,367,2490
20230430_160911.jpg,1800,4000,twelve,297,273,680,673
20230430_160911.jpg,1800,4000,twelve,880,930,1236,1303
20230430_160911.jpg,1800,4000,zero,1241,1208,1684,1560
20230430_160911.jpg,1800,4000,zero,458,751,876,1217
20230430_160911.jpg,1800,4000,eight,206,1747,667,2112
20230430_160911.jpg,1800,4000,eight,597,1308,954,1708
20230430_160911.jpg,1800,4000,ten,889,1708,1262,2099
20230430_161126.jpg,1800,4000,nine,1149,843,1602,1308
20230430_161126.jpg,1800,4000,ten,493,1547,962,1969
20230430_161126.jpg,1800,4000,eight,376,1834,819,2247
20230430_161126.jpg,1800,4000,three,628,2186,1076,2586
20230430_161126.jpg,1800,4000,twelve,1062,2517,1589,2964
20230430_161126.jpg,1800,4000,eleven,71,2786,697,3273
20230430_161136.jpg,1800,4000,eleven,1393,1390,1754,1730
20230430_161136.jpg,1800,4000,twelve,706,1195,1084,1525
20230430_161136.jpg,1800,4000,three,897,1603,1223,1882
20230430_161136.jpg,1800,4000,eight,919,1873,1219,2147
20230430_161136.jpg,1800,4000,ten,741,2008,1036,2299
20230430_161136.jpg,1800,4000,nine,106,2147,458,2477
20230430_161256.jpg,1800,4000,nine,706,1021,1093,1347
20230430_161256.jpg,1800,4000,five,1471,1821,1736,2169
20230430_161256.jpg,1800,4000,eleven,1241,2260,1680,2673
20230430_161256.jpg,1800,4000,nine,567,2025,880,2321
20230430_161256.jpg,1800,4000,eight,432,2299,832,2530
20230430_161256.jpg,1800,4000,three,115,1208,454,1590
20230430_161256.jpg,1800,4000,one,389,1343,689,1699
20230430_161302.jpg,1800,4000,eleven,910,1347,1184,1647
20230430_161302.jpg,1800,4000,five,593,1525,849,1777
20230430_161302.jpg,1800,4000,eight,1341,1834,1571,2086
20230430_161302.jpg,1800,4000,nine,1189,1934,1402,2177
20230430_161302.jpg,1800,4000,nine,519,2303,762,2590
20230430_161302.jpg,1800,4000,one,893,2356,1136,2621
20230430_161302.jpg,1800,4000,three,949,2538,1236,2834
20230430_161533.jpg,1800,4000,three,1193,1199,1671,1595
20230430_161533.jpg,1800,4000,zero,1267,2317,1719,2725
20230430_161533.jpg,1800,4000,zero,332,2295,780,2673
20230430_161533.jpg,1800,4000,nine,106,2656,576,3025
20230430_161533.jpg,1800,4000,six,384,1543,758,1886
20230430_161533.jpg,1800,4000,one,206,1382,484,1686
20230430_161717.jpg,1800,4000,seven,1415,1517,1784,1843
20230430_161717.jpg,1800,4000,two,1345,1903,1676,2282
20230430_161717.jpg,1800,4000,eleven,928,2764,1297,3125
20230430_161717.jpg,1800,4000,nine,623,2060,1002,2417
20230430_161717.jpg,1800,4000,eleven,54,1712,367,2051
20230430_163046.jpg,1800,4000,three,502,808,1045,1312
20230430_163046.jpg,1800,4000,four,441,1795,928,2256
20230430_163046.jpg,1800,4000,one,810,2795,1232,3260
20230430_163050.jpg,1800,4000,three,345,1303,680,1621
20230430_163050.jpg,1800,4000,four,684,1703,1023,2064
20230430_163050.jpg,1800,4000,one,1245,2043,1593,2390
20230430_163122.jpg,1800,4000,seven,1080,777,1584,1269
20230430_163122.jpg,1800,4000,six,36,1686,528,2156
20230430_163131.jpg,1800,4000,seven,289,1682,649,2030
20230430_163131.jpg,1800,4000,six,1071,2460,1471,2882
20230430_163200.jpg,1800,4000,ten,1189,1547,1419,1764
20230430_163228.jpg,1800,4000,seven,810,1638,1176,2003
20230430_163257.jpg,1800,4000,two,519,695,910,1108
20230430_163257.jpg,1800,4000,four,928,1799,1297,2160
20230430_163257.jpg,1800,4000,four,536,1990,832,2269
20230430_163257.jpg,1800,4000,four,767,2108,1128,2456
20230430_163301.jpg,1800,4000,two,1297,1051,1658,1417
20230430_163301.jpg,1800,4000,four,389,1703,736,2003
20230430_163301.jpg,1800,4000,four,158,1386,497,1638
20230430_163301.jpg,1800,4000,four,49,1595,415,1934
20230430_163402.jpg,1800,4000,nine,945,1060,1389,1517
20230430_163402.jpg,1800,4000,one,1076,1790,1441,2230
20230430_163402.jpg,1800,4000,three,458,2003,984,2473
20230430_163402.jpg,1800,4000,seven,184,1090,567,1521
20230430_163407.jpg,1800,4000,three,1158,1051,1580,1490
20230430_163407.jpg,1800,4000,one,662,1034,1006,1456
20230430_163407.jpg,1800,4000,nine,384,1669,841,2086
20230430_163407.jpg,1800,4000,seven,1049,2003,1506,2430
20230430_163518.jpg,1800,4000,five,106,1434,571,1895
20230430_163518.jpg,1800,4000,nine,845,1269,1219,1769
20230430_163518.jpg,1800,4000,six,993,1721,1454,2121
20230430_163518.jpg,1800,4000,zero,1119,2077,1558,2469
20230430_163518.jpg,1800,4000,eight,793,2764,1206,3173
20230430_163522.jpg,1800,4000,eight,89,917,458,1282
20230430_163522.jpg,1800,4000,five,1258,1108,1645,1569
20230430_163522.jpg,1800,4000,nine,1006,1643,1371,2064
20230430_163522.jpg,1800,4000,six,676,1564,1002,1986
20230430_163522.jpg,1800,4000,zero,354,1490,732,1890
20230430_163528.jpg,1800,4000,eight,1102,743,1510,1112
20230430_163528.jpg,1800,4000,five,784,1860,1167,2264
20230430_163528.jpg,1800,4000,nine,271,1573,684,1934
20230430_163528.jpg,1800,4000,zero,515,1017,936,1325
20230430_163528.jpg,1800,4000,six,393,1230,806,1599
20230430_163641.jpg,1800,4000,four,397,1386,741,1756
20230430_163641.jpg,1800,4000,four,1145,1490,1549,1838
20230430_163641.jpg,1800,4000,six,1110,2203,1502,2582
20230430_163641.jpg,1800,4000,five,462,2764,828,3147
20230430_163649.jpg,1800,4000,six,1010,1321,1371,1682
20230430_163649.jpg,1800,4000,four,449,1003,828,1408
20230430_163649.jpg,1800,4000,four,110,1630,476,1956
20230430_163649.jpg,1800,4000,five,1210,2056,1602,2369
20230430_163745.jpg,1800,4000,three,367,1451,736,1808
20230430_163745.jpg,1800,4000,eight,576,2012,945,2434
20230430_163745.jpg,1800,4000,nine,106,2703,562,3156
20230430_163745.jpg,1800,4000,zero,1297,1834,1736,2217
20230430_163843.jpg,1800,4000,ten,228,843,802,1369
20230430_163843.jpg,1800,4000,twelve,1019,1760,1567,2286
20230430_163843.jpg,1800,4000,nine,841,2177,1349,2673
20230430_163855.jpg,1800,4000,ten,336,1234,802,1647
20230430_163855.jpg,1800,4000,twelve,1036,556,1441,934
20230430_163855.jpg,1800,4000,nine,1406,682,1771,1099
20230430_163927.jpg,1800,4000,five,610,1812,928,2112
20230430_163927.jpg,1800,4000,six,467,2369,789,2682
20230430_163934.jpg,1800,4000,six,628,1195,967,1517
20230430_163934.jpg,1800,4000,five,884,1695,1249,2012
20230430_164139.jpg,1800,4000,nine,1293,1582,1697,1899
20230430_164139.jpg,1800,4000,three,502,1834,810,2090
20230430_164139.jpg,1800,4000,eight,154,2417,497,2699
20230430_164139.jpg,1800,4000,twelve,689,2382,1036,2769
20230430_164139.jpg,1800,4000,nine,997,2090,1271,2386
20230430_164139.jpg,1800,4000,eleven,693,2095,1023,2395
20230430_164145.jpg,1800,4000,eight,1332,1221,1680,1551
20230430_164145.jpg,1800,4000,twelve,815,1430,1167,1764
20230430_164145.jpg,1800,4000,eleven,962,1764,1280,2086
20230430_164145.jpg,1800,4000,three,1289,1930,1628,2256
20230430_164145.jpg,1800,4000,nine,684,1860,1032,2182
20230430_164145.jpg,1800,4000,nine,541,2460,915,2817
20230430_164314.jpg,1800,4000,eight,654,1994,869,2185
20230430_164314.jpg,1800,4000,four,942,2018,1187,2215
20230430_164314.jpg,1800,4000,five,1006,2188,1218,2403
20230430_164314.jpg,1800,4000,six,727,2167,954,2385
20230430_164314.jpg,1800,4000,two,718,2333,960,2545
20230430_164652.jpg,1800,4000,six,423,682,836,1086
20230430_164652.jpg,1800,4000,nine,871,1073,1245,1447
20230430_164652.jpg,1800,4000,nine,1249,2082,1649,2530
20230430_164652.jpg,1800,4000,two,845,2199,1254,2647
20230430_164652.jpg,1800,4000,nine,267,2356,715,2838
20230430_164658.jpg,1800,4000,nine,210,1390,571,1725
20230430_164658.jpg,1800,4000,nine,893,830,1228,1125
20230430_164658.jpg,1800,4000,nine,1384,1412,1732,1760
20230430_164658.jpg,1800,4000,two,1067,1060,1393,1464
20230430_164658.jpg,1800,4000,six,23,1812,410,2169
20230430_164841.jpg,1800,4000,three,880,1025,1210,1386
20230430_164841.jpg,1800,4000,two,1023,1721,1384,2134
20230430_164841.jpg,1800,4000,three,806,2112,1245,2451
20230430_164841.jpg,1800,4000,two,519,2764,906,3138
20230430_165010.jpg,1800,4000,seven,1328,1569,1723,1930
20230430_165010.jpg,1800,4000,three,923,1860,1332,2234
20230430_165010.jpg,1800,4000,three,897,2686,1362,3130
20230430_165010.jpg,1800,4000,two,384,2434,810,2834
20230430_165010.jpg,1800,4000,eight,558,1208,923,1608
20230430_165010.jpg,1800,4000,four,293,1469,623,1799
20230430_165010.jpg,1800,4000,two,23,1747,389,2090
20230430_165110.jpg,1800,4000,nine,215,1882,593,2199
20230430_165110.jpg,1800,4000,twelve,1223,1995,1632,2356
20230430_165110.jpg,1800,4000,ten,693,2382,1089,2764
20230430_165110.jpg,1800,4000,eleven,1110,1203,1454,1486
20230430_165110.jpg,1800,4000,eleven,1128,1473,1484,1786
20230430_165116.jpg,1800,4000,eleven,710,2317,1041,2664
20230430_165116.jpg,1800,4000,eleven,949,2517,1293,2864
20230430_165116.jpg,1800,4000,nine,1019,1282,1402,1673
20230430_165116.jpg,1800,4000,ten,197,1290,615,1660
20230430_165116.jpg,1800,4000,twelve,158,2003,567,2395
20230430_165503.jpg,1800,4000,two,706,590,1049,956
20230430_165503.jpg,1800,4000,five,1232,1577,1584,1995
20230430_165503.jpg,1800,4000,six,232,1121,610,1490
20230430_165503.jpg,1800,4000,four,162,1847,580,2260
20230430_165503.jpg,1800,4000,three,593,2660,989,3077
20230430_165508.jpg,1800,4000,three,1280,2086,1558,2330
20230430_165508.jpg,1800,4000,two,19,721,349,1082
20230430_165508.jpg,1800,4000,four,523,1821,862,2130
20230430_165508.jpg,1800,4000,five,1028,1099,1297,1395
20230430_165508.jpg,1800,4000,six,97,1356,415,1664
20230430_165747.jpg,1800,4000,eight,719,856,1119,1195
20230430_165747.jpg,1800,4000,zero,180,1851,549,2295
20230430_165747.jpg,1800,4000,eight,1058,2777,1432,3195
20230430_165923.jpg,1800,4000,nine,836,1925,1136,2208
20230430_165923.jpg,1800,4000,ten,306,1656,602,1895
20230430_165923.jpg,1800,4000,ten,828,1373,1089,1669
20230430_165923.jpg,1800,4000,ten,1054,1425,1297,1708
20230430_170044.jpg,1800,4000,one,302,1030,567,1334
20230430_170044.jpg,1800,4000,one,554,1647,823,1930
20230430_170044.jpg,1800,4000,eight,815,2108,1071,2369
20230430_170044.jpg,1800,4000,three,997,1630,1280,1917
20230430_170044.jpg,1800,4000,six,1367,1325,1623,1603
20230430_170044.jpg,1800,4000,eight,1028,1186,1293,1477
20230430_170132.jpg,1800,4000,zero,262,947,762,1403
20230430_170132.jpg,1800,4000,nine,454,2638,945,3112
20230430_171220.jpg,1800,4000,one,367,730,671,1064
20230430_171220.jpg,1800,4000,one,1023,1251,1323,1512
20230430_171220.jpg,1800,4000,two,910,1395,1154,1643
20230430_171220.jpg,1800,4000,five,1071,1777,1376,2025
20230430_171220.jpg,1800,4000,five,1132,2103,1454,2447
20230430_171220.jpg,1800,4000,ten,36,1321,284,1599
20230430_171220.jpg,1800,4000,eleven,336,1847,636,2134
20230430_171220.jpg,1800,4000,six,541,2334,862,2612
20230430_171224.jpg,1800,4000,eleven,876,1951,1136,2286
20230430_171224.jpg,1800,4000,ten,332,1990,636,2269
20230430_171224.jpg,1800,4000,one,32,1495,323,1751
20230430_171224.jpg,1800,4000,one,649,1203,967,1438
20230430_171224.jpg,1800,4000,two,771,1434,993,1603
20230430_171224.jpg,1800,4000,five,1102,1373,1345,1630
20230430_171224.jpg,1800,4000,five,1380,1486,1632,1717
20230430_171224.jpg,1800,4000,six,1280,2003,1597,2269
20230430_171345.jpg,1800,4000,seven,232,608,580,895
20230430_171345.jpg,1800,4000,zero,1080,1251,1449,1599
20230430_171345.jpg,1800,4000,nine,410,1473,702,1786
20230430_171345.jpg,1800,4000,seven,1045,1821,1393,2186
20230430_171345.jpg,1800,4000,zero,571,1895,936,2182
20230430_171345.jpg,1800,4000,ten,680,2660,1045,2999
20230430_174410.jpg,1800,4000,six,1171,1295,1532,1630
20230430_174410.jpg,1800,4000,six,249,1582,580,1877
20230430_174410.jpg,1800,4000,four,567,2086,910,2447
20230430_174410.jpg,1800,4000,three,1032,2360,1428,2743
20230430_174416.jpg,1800,4000,six,721,1442,960,1642
20230430_174416.jpg,1800,4000,six,997,1936,1187,2121
20230430_174416.jpg,1800,4000,three,406,2000,642,2182
20230430_174416.jpg,1800,4000,four,484,1679,733,1909
20230430_174526.jpg,1800,4000,eight,562,695,1036,1160
20230430_174526.jpg,1800,4000,seven,223,1643,654,2103
20230430_174526.jpg,1800,4000,one,1228,1790,1662,2147
20230430_174526.jpg,1800,4000,three,758,2343,1162,2660
20230430_174531.jpg,1800,4000,three,906,299,1367,682
20230430_174531.jpg,1800,4000,one,310,486,702,877
20230430_174531.jpg,1800,4000,seven,1076,1012,1506,1421
20230430_174531.jpg,1800,4000,eight,358,1699,762,2056
20230430_174629.jpg,1800,4000,twelve,562,2690,845,2995
20230430_174629.jpg,1800,4000,ten,597,3264,902,3508
20230430_174629.jpg,1800,4000,eleven,280,1169,606,1408
20230430_174629.jpg,1800,4000,eleven,697,738,976,1034
20230430_174629.jpg,1800,4000,nine,871,617,1123,882
20230430_174639.jpg,1800,4000,nine,1536,2330,1681,2452
20230430_174639.jpg,1800,4000,eleven,1472,2206,1621,2348
20230430_174639.jpg,1800,4000,eleven,1272,1921,1457,2091
20230430_174639.jpg,1800,4000,twelve,351,1858,560,2006
20230430_174639.jpg,1800,4000,ten,36,1806,218,1976
20230430_174808.jpg,1800,4000,seven,889,743,1241,1125
20230430_174808.jpg,1800,4000,six,741,2408,1093,2773
20230430_174909.jpg,1800,4000,one,1042,1494,1209,1661
20230430_174909.jpg,1800,4000,four,1439,1512,1645,1703
20230430_174909.jpg,1800,4000,eleven,284,2148,490,2333
20230430_174913.jpg,1800,4000,eleven,510,190,845,499
20230430_174913.jpg,1800,4000,one,915,1812,1232,2164
20230430_174913.jpg,1800,4000,four,515,2451,815,2738
20230430_175219.jpg,1800,4000,nine,510,1451,862,1790
20230430_175219.jpg,1800,4000,ten,654,782,919,1086
20230430_175219.jpg,1800,4000,ten,554,2330,871,2656
20230430_175219.jpg,1800,4000,zero,67,1195,415,1490
20230430_175219.jpg,1800,4000,zero,1102,2064,1497,2464
20230430_175219.jpg,1800,4000,zero,1193,1334,1510,1664
20230430_175629.jpg,1800,4000,four,610,769,919,1069
20230430_175629.jpg,1800,4000,one,1036,1251,1371,1595
20230430_175629.jpg,1800,4000,ten,441,1299,780,1582
20230430_175629.jpg,1800,4000,eight,976,1830,1345,2164
20230430_175629.jpg,1800,4000,six,306,2186,615,2443
20230430_175629.jpg,1800,4000,twelve,1219,2390,1615,2751
20230430_175638.jpg,1800,4000,eight,749,1773,1023,2043
20230430_175638.jpg,1800,4000,twelve,402,2064,619,2308
20230430_175638.jpg,1800,4000,ten,1084,1334,1345,1538
20230430_175638.jpg,1800,4000,six,432,1303,706,1521
20230430_175638.jpg,1800,4000,four,1502,1373,1754,1590
20230430_175638.jpg,1800,4000,one,1184,1738,1445,2003
20230430_180012.jpg,1800,4000,one,267,812,602,1169
20230430_180012.jpg,1800,4000,eleven,623,1456,1010,1782
20230430_180012.jpg,1800,4000,eight,902,1034,1262,1390
20230430_180012.jpg,1800,4000,eleven,1228,1686,1589,2021
20230430_180012.jpg,1800,4000,seven,819,2230,1215,2547
20230430_180012.jpg,1800,4000,two,106,1721,467,2073
20230430_180019.jpg,1800,4000,two,990,1679,1215,1861
20230430_180019.jpg,1800,4000,seven,487,1821,687,2042
20230430_180019.jpg,1800,4000,eight,1000,2300,1269,2503
20230430_180019.jpg,1800,4000,one,1375,2058,1590,2285
20230430_180019.jpg,1800,4000,eleven,948,2009,1172,2209
20230430_180019.jpg,1800,4000,eleven,584,2227,815,2424
20230430_180442.jpg,1800,4000,ten,110,1564,362,1790
20230430_180442.jpg,1800,4000,nine,780,1643,1036,1882
20230430_180442.jpg,1800,4000,eleven,1471,1408,1758,1643
20230430_180442.jpg,1800,4000,ten,1080,1077,1410,1330
20230430_180442.jpg,1800,4000,four,728,625,1019,930
20230430_180442.jpg,1800,4000,nine,162,1056,445,1347
20230430_180442.jpg,1800,4000,two,1336,399,1641,686
20230430_180511.jpg,1800,4000,two,180,2456,458,2725
20230430_180511.jpg,1800,4000,eleven,49,1573,306,1812
20230430_180511.jpg,1800,4000,nine,706,1347,936,1590
20230430_180511.jpg,1800,4000,ten,1319,1382,1610,1712
20230430_180511.jpg,1800,4000,nine,1249,1830,1584,2134
20230430_180511.jpg,1800,4000,ten,397,1882,693,2160
20230430_180511.jpg,1800,4000,four,749,2212,1028,2486
20230430_180836.jpg,1800,4000,one,1110,595,1397,895
20230430_180836.jpg,1800,4000,one,141,1517,371,1782
20230430_180836.jpg,1800,4000,two,554,1469,845,1747
20230430_180836.jpg,1800,4000,two,619,1990,897,2230
20230430_180836.jpg,1800,4000,three,328,1964,623,2203
20230430_181157.jpg,1800,4000,two,515,2282,858,2595
20230430_181223.jpg,1800,4000,three,619,1777,1089,2221
20230430_181251.jpg,1800,4000,zero,602,1769,1106,2256
20230430_181314.jpg,1800,4000,eleven,602,1856,1071,2295
20230430_181429.jpg,1800,4000,seven,1010,1656,1476,2047
20230430_181429.jpg,1800,4000,eight,415,1590,784,1995
20230430_181429.jpg,1800,4000,three,610,2247,993,2647
20230430_181432.jpg,1800,4000,three,1223,2117,1602,2451
20230430_181432.jpg,1800,4000,seven,1019,1556,1315,1843
20230430_181432.jpg,1800,4000,eight,697,1977,971,2273
20230430_181508.jpg,1800,4000,zero,502,1390,997,1808
20230430_181508.jpg,1800,4000,nine,645,2160,1154,2712
20230430_181511.jpg,1800,4000,zero,580,1677,923,1999
20230430_181511.jpg,1800,4000,nine,1115,1577,1480,1908
20230430_181612.jpg,1800,4000,ten,415,1273,749,1599
20230430_181612.jpg,1800,4000,eleven,767,1751,1089,2147
20230430_181612.jpg,1800,4000,ten,1245,2469,1602,2847
20230430_181612.jpg,1800,4000,eleven,458,2321,802,2673
20230430_181616.jpg,1800,4000,eleven,723,1425,1067,1756
20230430_181616.jpg,1800,4000,eleven,167,1308,597,1699
20230430_181616.jpg,1800,4000,ten,1071,1008,1449,1360
20230430_181616.jpg,1800,4000,ten,297,1990,597,2290
20230430_181709.jpg,1800,4000,four,1184,1003,1571,1360
20230430_181709.jpg,1800,4000,six,1067,2817,1454,3182
20230430_181709.jpg,1800,4000,one,945,1595,1289,1960
20230430_181709.jpg,1800,4000,one,84,2225,419,2582
20230430_181716.jpg,1800,4000,one,1154,1730,1406,1908
20230430_181716.jpg,1800,4000,one,623,1934,828,2134
20230430_181716.jpg,1800,4000,four,349,2199,619,2421
20230430_181716.jpg,1800,4000,six,749,1269,936,1447
20230430_181957.jpg,1800,4000,ten,676,1899,941,2117
20230430_181957.jpg,1800,4000,ten,1389,2482,1671,2712
20230430_181957.jpg,1800,4000,nine,1215,2017,1441,2269
20230430_181957.jpg,1800,4000,zero,932,2373,1202,2612
20230430_181957.jpg,1800,4000,zero,410,2256,776,2473
20230430_181957.jpg,1800,4000,zero,562,2734,810,2969
20230430_182004.jpg,1800,4000,zero,589,1043,884,1299
20230430_182004.jpg,1800,4000,zero,1032,1308,1293,1590
20230430_182004.jpg,1800,4000,zero,576,1586,828,1908
20230430_182004.jpg,1800,4000,nine,623,2121,919,2408
20230430_182004.jpg,1800,4000,ten,28,1917,397,2208
20230430_182004.jpg,1800,4000,ten,1197,1756,1528,2125
20230430_182243.jpg,1800,4000,two,1049,1182,1436,1525
20230430_182243.jpg,1800,4000,zero,771,2490,1145,2834
20230430_182243.jpg,1800,4000,seven,1267,1877,1658,2230
20230430_182243.jpg,1800,4000,eight,89,1977,593,2286
20230430_182250.jpg,1800,4000,eight,180,1717,584,2025
20230430_182250.jpg,1800,4000,two,1310,1647,1719,2012
20230430_182250.jpg,1800,4000,seven,1080,2312,1397,2664
20230430_182250.jpg,1800,4000,zero,289,2464,680,2834
20230430_182508.jpg,1800,4000,eleven,245,2043,519,2251
20230430_182508.jpg,1800,4000,eleven,1297,1660,1584,1930
20230430_182508.jpg,1800,4000,zero,1202,2569,1484,2856
20230430_182516.jpg,1800,4000,zero,149,1682,436,1982
20230430_182516.jpg,1800,4000,eleven,1054,2286,1319,2608
20230430_182516.jpg,1800,4000,eleven,1206,1060,1510,1334
20230430_182642.jpg,1800,4000,seven,1180,1234,1458,1543
20230430_182642.jpg,1800,4000,one,849,1282,1071,1569
20230430_182642.jpg,1800,4000,four,341,1899,697,2208
20230430_182642.jpg,1800,4000,eight,1106,2134,1436,2443
20230430_182642.jpg,1800,4000,zero,393,2521,684,2821
20230430_182757.jpg,1800,4000,zero,1162,1973,1528,2317
20230430_182757.jpg,1800,4000,eleven,1236,1643,1558,1921
20230430_182757.jpg,1800,4000,twelve,228,960,615,1256
20230430_182848.jpg,1800,4000,eleven,1358,956,1723,1264
20230430_182848.jpg,1800,4000,four,649,1508,962,1812
20230430_182848.jpg,1800,4000,two,1236,1638,1562,1947
20230430_182848.jpg,1800,4000,four,49,2547,376,2795
20230430_183015.jpg,1800,4000,eight,1067,886,1423,1208
20230430_183015.jpg,1800,4000,seven,428,1190,836,1564
20230430_183015.jpg,1800,4000,six,997,1538,1336,1873
20230430_183015.jpg,1800,4000,one,1289,2095,1615,2490
20230430_183015.jpg,1800,4000,twelve,476,2356,915,2769
20230430_183019.jpg,1800,4000,eight,1166,1912,1384,2097
20230430_183019.jpg,1800,4000,seven,806,1742,1003,1915
20230430_183019.jpg,1800,4000,six,827,2118,1024,2303
20230430_183019.jpg,1800,4000,one,636,2412,812,2627
20230430_183019.jpg,1800,4000,twelve,236,2161,472,2352
20230430_183152.jpg,1800,4000,zero,758,2543,1210,2956
20230430_183152.jpg,1800,4000,seven,1032,1830,1445,2203
20230430_183152.jpg,1800,4000,two,180,1777,615,2156
20230430_183152.jpg,1800,4000,eight,154,2099,562,2438
20230430_183157.jpg,1800,4000,zero,358,1456,702,1782
20230430_183157.jpg,1800,4000,eight,1002,1682,1302,1964
20230430_183157.jpg,1800,4000,two,1010,1890,1402,2230
20230430_183157.jpg,1800,4000,eight,354,2086,728,2434
20230430_183404.jpg,1800,4000,six,1223,1403,1549,1734
20230430_183404.jpg,1800,4000,seven,1384,2317,1723,2643
20230430_183404.jpg,1800,4000,seven,197,1525,545,1825
20230430_183404.jpg,1800,4000,zero,741,1930,1149,2221
20230430_183404.jpg,1800,4000,eleven,806,1560,1123,1864
20230430_183404.jpg,1800,4000,eleven,141,2156,528,2556
20230430_183529.jpg,1800,4000,zero,671,1025,932,1317
20230430_183529.jpg,1800,4000,one,936,1360,1245,1612
20230430_183529.jpg,1800,4000,eleven,1071,1738,1415,2051
20230430_183529.jpg,1800,4000,six,1362,2208,1628,2447
20230430_183529.jpg,1800,4000,zero,597,2038,880,2321
20230430_183529.jpg,1800,4000,seven,436,1564,732,1873
20230430_183529.jpg,1800,4000,eleven,45,1817,323,2086
20230430_183533.jpg,1800,4000,six,1080,834,1341,1117
20230430_183533.jpg,1800,4000,eleven,767,1190,1071,1438
20230430_183533.jpg,1800,4000,zero,1128,1482,1484,1799
20230430_183533.jpg,1800,4000,eleven,1128,2017,1462,2317
20230430_183533.jpg,1800,4000,seven,854,1803,1102,2025
20230430_183533.jpg,1800,4000,one,454,1408,732,1647
20230430_183533.jpg,1800,4000,zero,228,1721,567,2064
Copy of IMG_7117.jpg,4032,3024,three,1640,1057,2411,1860
Copy of IMG_7133.jpg,3024,4032,eight,1257,1841,2053,2602
Copy of IMG_7135.jpg,3024,4032,six,1244,1798,1961,2441
Copy of IMG_7140.jpg,3024,4032,four,1535,2867,2588,3950
Copy of IMG_7145.jpg,3024,4032,four,1748,1867,2266,2393
Copy of IMG_7185.jpg,3024,4032,three,748,1019,1592,1785
IMG_1608.jpg,3024,4032,nine,44,1433,531,1924
IMG_1608.jpg,3024,4032,six,688,1346,1270,1954
IMG_1608.jpg,3024,4032,three,918,1889,1461,2385
IMG_1608.jpg,3024,4032,six,1270,806,1779,1350
IMG_1608.jpg,3024,4032,six,1761,663,2066,1028
IMG_1608.jpg,3024,4032,zero,2374,1124,2883,1554
IMG_1608.jpg,3024,4032,ten,1840,1246,2153,1576
IMG_1608.jpg,3024,4032,eight,2070,1341,2509,1885
IMG_1608.jpg,3024,4032,seven,2257,1659,2770,2254
IMG_1608.jpg,3024,4032,four,1592,2876,2266,3459
IMG_1608.jpg,3024,4032,two,957,3172,1374,3572
IMG_1609.jpg,4032,3024,eight,2205,993,2488,1254
IMG_1609.jpg,4032,3024,five,2585,1102,2853,1357
IMG_1609.jpg,4032,3024,four,2347,1431,2766,1767
IMG_1609.jpg,4032,3024,one,2124,1964,2485,2376
IMG_1609.jpg,4032,3024,five,1569,2305,1943,2664
IMG_1609.jpg,4032,3024,seven,898,2176,1292,2560
IMG_1609.jpg,4032,3024,seven,1153,1976,1521,2376
IMG_1609.jpg,4032,3024,six,824,1209,1121,1425
IMG_1609.jpg,4032,3024,seven,772,1615,1043,1902
IMG_1609.jpg,4032,3024,seven,1140,1547,1469,1893
IMG_1609.jpg,4032,3024,seven,1437,1483,1798,1867
IMG_1609.jpg,4032,3024,one,1559,1767,1876,2164
IMG_1610.jpg,4032,3024,five,1024,428,1292,715
IMG_1610.jpg,4032,3024,one,1295,2315,1585,2647
IMG_1610.jpg,4032,3024,two,1892,1596,2179,1886
IMG_1610.jpg,4032,3024,four,2156,1718,2459,1980
IMG_1611.jpg,4032,3024,one,2301,625,2566,886
IMG_1611.jpg,4032,3024,ten,1924,1431,2179,1722
IMG_1611.jpg,4032,3024,three,1563,1731,1788,1915
IMG_1611.jpg,4032,3024,five,1253,1725,1459,1905
IMG_1612.jpg,3024,4032,six,1761,1319,2235,1689
IMG_1612.jpg,3024,4032,seven,2327,1880,2574,2115
IMG_1612.jpg,3024,4032,two,2392,2059,2788,2446
IMG_1612.jpg,3024,4032,one,1631,1902,2048,2211
IMG_1612.jpg,3024,4032,one,1605,2154,1970,2472
IMG_1612.jpg,3024,4032,one,1818,2346,2088,2589
IMG_1612.jpg,3024,4032,five,1992,2359,2422,2846
IMG_1612.jpg,3024,4032,two,1140,3119,1666,3689
IMG_1612.jpg,3024,4032,two,152,1884,600,2284
IMG_1612.jpg,3024,4032,nine,505,2206,774,2463
IMG_1612.jpg,3024,4032,eleven,614,1615,879,1859
IMG_1612.jpg,3024,4032,one,761,1359,1179,1798
IMG_1613.jpg,3024,4032,four,1605,206,2114,689
IMG_1613.jpg,3024,4032,two,1296,398,1757,863
IMG_1613.jpg,3024,4032,eight,1714,889,1974,1176
IMG_1613.jpg,3024,4032,five,1927,693,2379,1193
IMG_1613.jpg,3024,4032,ten,2531,1915,3018,2415
IMG_1613.jpg,3024,4032,five,2105,2198,2457,2493
IMG_1613.jpg,3024,4032,two,1305,2241,1827,2754
IMG_1613.jpg,3024,4032,eight,509,2180,992,2650
IMG_1613.jpg,3024,4032,one,148,1806,492,2111
IMG_1613.jpg,3024,4032,four,218,1480,735,1933
IMG_1613.jpg,3024,4032,two,353,1046,701,1389
IMG_1613.jpg,3024,4032,seven,709,602,1170,1072
IMG_1614.jpg,3024,4032,five,1283,2885,1940,3511
IMG_1614.jpg,3024,4032,eight,757,2098,1431,2589
IMG_1614.jpg,3024,4032,five,366,1606,814,2002
IMG_1614.jpg,3024,4032,one,2096,1676,2701,2298
IMG_1614.jpg,3024,4032,three,974,1250,1644,1876
IMG_1614.jpg,3024,4032,six,1648,1089,2118,1611
IMG_1614.jpg,3024,4032,two,2166,941,2518,1272
IMG_1614.jpg,3024,4032,six,870,837,1201,1202
IMG_1614.jpg,3024,4032,zero,983,537,1409,1015
IMG_1614.jpg,3024,4032,six,1644,1072,2135,1580
IMG_1614.jpg,3024,4032,four,1496,615,1974,1102
IMG_1614.jpg,3024,4032,four,1535,346,2014,754
IMG_1614.jpg,3024,4032,two,1896,615,2196,924
IMG_1615.jpg,3024,4032,nine,1074,533,1548,1006
IMG_1615.jpg,3024,4032,three,618,628,1205,1124
IMG_1615.jpg,3024,4032,three,844,1698,1266,2211
IMG_1615.jpg,3024,4032,two,1879,1498,2535,2106
IMG_1615.jpg,3024,4032,two,1757,1985,2374,2606
IMG_1615.jpg,3024,4032,eight,2296,2263,2705,2663
IMG_1615.jpg,3024,4032,twelve,1983,2576,2640,3315
IMG_1615.jpg,3024,4032,nine,1527,2389,2070,3059
IMG_1615.jpg,3024,4032,three,1153,2593,1661,3228
IMG_1615.jpg,3024,4032,one,605,2098,970,2454
IMG_1615.jpg,3024,4032,one,131,2133,483,2524
IMG_1615.jpg,3024,4032,nine,279,2676,683,3046
IMG_1616.jpg,3024,4032,three,2227,2311,2783,2733
IMG_1616.jpg,3024,4032,five,1461,2393,1840,2819
IMG_1616.jpg,3024,4032,nine,2305,1385,2696,1802
IMG_1616.jpg,3024,4032,three,2188,980,2622,1359
IMG_1616.jpg,3024,4032,two,1992,1119,2257,1367
IMG_1616.jpg,3024,4032,one,1888,1406,2244,1698
IMG_1616.jpg,3024,4032,two,1557,1276,1979,1711
IMG_1616.jpg,3024,4032,five,1214,1572,1448,1806
IMG_1616.jpg,3024,4032,three,627,1485,1070,1880
IMG_1616.jpg,3024,4032,three,831,1824,1274,2146
IMG_1616.jpg,3024,4032,seven,835,2198,1327,2641
IMG_1618.jpg,3024,4032,eleven,779,2502,1253,2898
IMG_1618.jpg,3024,4032,four,9,1759,301,2093
IMG_1618.jpg,3024,4032,four,131,1219,679,1689
IMG_1618.jpg,3024,4032,nine,1879,824,2196,1241
IMG_1618.jpg,3024,4032,one,1031,811,1470,1193
IMG_1618.jpg,3024,4032,one,1283,485,1718,928
IMG_1618.jpg,3024,4032,seven,801,593,1209,954
IMG_1618.jpg,3024,4032,four,996,333,1448,802
IMG_1618.jpg,3024,4032,six,1874,1780,2492,2280
IMG_1618.jpg,3024,4032,eight,2118,1324,2583,1798
IMG_1618.jpg,3024,4032,seven,2509,1219,2992,1759
IMG_1618.jpg,3024,4032,two,2444,1641,2735,1937
IMG_1619.jpg,3024,4032,three,1518,676,1905,1137
IMG_1619.jpg,3024,4032,four,1214,963,1461,1254
IMG_1619.jpg,3024,4032,five,431,1172,861,1606
IMG_1619.jpg,3024,4032,three,166,1337,561,1811
IMG_1619.jpg,3024,4032,four,535,2085,1057,2537
IMG_1619.jpg,3024,4032,five,1574,1333,1988,1772
IMG_1619.jpg,3024,4032,ten,2048,1311,2479,1737
IMG_1619.jpg,3024,4032,twelve,2374,1763,2796,2141
IMG_1619.jpg,3024,4032,six,2609,2033,2905,2324
IMG_1619.jpg,3024,4032,seven,1801,2419,2196,2706
IMG_1619.jpg,3024,4032,eight,1205,2498,1666,2950
IMG_1619.jpg,3024,4032,three,948,2776,1253,3080
IMG_1621.jpg,3024,4032,four,1283,1472,1557,1789
IMG_1621.jpg,3024,4032,three,1074,1650,1396,1967
IMG_1621.jpg,3024,4032,zero,874,1876,1074,2041
IMG_1621.jpg,3024,4032,eight,996,1933,1283,2237
IMG_1621.jpg,3024,4032,nine,609,2346,892,2667
IMG_1621.jpg,3024,4032,three,853,2298,1070,2441
IMG_1621.jpg,3024,4032,six,1709,1680,1935,1902
IMG_1621.jpg,3024,4032,six,1848,2206,2131,2467
IMG_1621.jpg,3024,4032,eight,1818,2554,2179,2854
IMG_1621.jpg,3024,4032,two,1566,2680,1905,2985
IMG_1621.jpg,3024,4032,one,1918,2919,2122,3119
IMG_1622.jpg,3024,4032,one,566,624,1057,1085
IMG_1622.jpg,3024,4032,seven,1188,624,1666,1085
IMG_1622.jpg,3024,4032,zero,1814,602,2244,1072
IMG_1622.jpg,3024,4032,three,2114,919,2557,1350
IMG_1622.jpg,3024,4032,five,2448,1215,2718,1502
IMG_1622.jpg,3024,4032,seven,2535,1306,2935,1715
IMG_1622.jpg,3024,4032,one,2083,1359,2618,1789
IMG_1622.jpg,3024,4032,one,974,1576,1240,1893
IMG_1622.jpg,3024,4032,two,735,1185,1083,1528
IMG_1622.jpg,3024,4032,four,166,2315,883,2824
IMG_1622.jpg,3024,4032,ten,2148,2280,2579,2728
IMG_1622.jpg,3024,4032,seven,2627,2102,3014,2611
IMG_1623.jpg,3024,4032,six,648,615,1205,1124
IMG_1623.jpg,3024,4032,one,2470,1059,3022,1628
IMG_1623.jpg,3024,4032,one,1405,1589,1761,1998
IMG_1623.jpg,3024,4032,one,1414,2606,1879,3050
IMG_1623.jpg,3024,4032,six,2157,1941,2744,2437
IMG_1623.jpg,3024,4032,six,1822,3141,2253,3515
IMG_1623.jpg,3024,4032,two,1122,2572,1483,2898
IMG_1623.jpg,3024,4032,nine,53,1876,466,2228
IMG_1624.jpg,3024,4032,two,1709,1106,2083,1459
IMG_1624.jpg,3024,4032,four,757,1085,1174,1446
IMG_1624.jpg,3024,4032,six,370,1676,731,1967
IMG_1624.jpg,3024,4032,nine,144,2019,735,2559
IMG_1624.jpg,3024,4032,three,631,2441,1109,2850
IMG_1624.jpg,3024,4032,one,1474,1741,1970,2224
IMG_1624.jpg,3024,4032,three,1522,2233,1892,2611
IMG_1624.jpg,3024,4032,seven,2488,2698,2931,3137
IMG_1625.jpg,3024,4032,four,2048,1563,2440,1941
IMG_1625.jpg,3024,4032,four,1892,1915,2357,2350
IMG_1625.jpg,3024,4032,one,983,1398,1461,1833
IMG_1625.jpg,3024,4032,zero,1283,2711,1674,3085
IMG_1625.jpg,3024,4032,three,561,3072,1209,3789
IMG_1625.jpg,3024,4032,twelve,527,2389,1096,2846
IMG_1625.jpg,3024,4032,one,274,2502,614,2806
IMG_1625.jpg,3024,4032,seven,296,1902,870,2363
IMG_1626.jpg,3024,4032,six,1466,1463,1701,1702
IMG_1626.jpg,3024,4032,six,1827,1376,2118,1719
IMG_1626.jpg,3024,4032,one,1701,1841,2131,2306
IMG_1626.jpg,3024,4032,three,2122,2072,2531,2506
IMG_1626.jpg,3024,4032,eight,2540,2350,2983,2776
IMG_1626.jpg,3024,4032,three,2266,2563,2744,3046
IMG_1626.jpg,3024,4032,four,1370,2733,1905,3250
IMG_1626.jpg,3024,4032,eleven,822,1937,1253,2398
IMG_1626.jpg,3024,4032,seven,161,1889,609,2293
IMG_1626.jpg,3024,4032,3,157,2302,457,2611
IMG_1626.jpg,3024,4032,three,422,2224,809,2719
IMG_1626.jpg,3024,4032,five,692,3085,1035,3424
IMG_20230324_154948710.jpg,3050,2286,six,1611,770,1962,1097
IMG_20230324_154948710.jpg,3050,2286,nine,1235,1153,1535,1511
IMG_20230324_154948710.jpg,3050,2286,one,1104,623,1447,1004
IMG_20230324_154948710.jpg,3050,2286,five,1050,877,1321,1167
IMG_4782.jpg,3024,4032,one,783,1641,1253,2076
IMG_4782.jpg,3024,4032,seven,896,2102,1483,2554
IMG_4784.jpg,4032,3024,six,1940,1302,2124,1470
IMG_4784.jpg,4032,3024,two,2079,1341,2224,1512
IMG_4784.jpg,4032,3024,four,2192,1309,2376,1470
IMG_4784.jpg,4032,3024,eight,2027,1480,2192,1641
IMG_4784.jpg,4032,3024,four,2166,1441,2317,1586
IMG_4784.jpg,4032,3024,four,2288,1451,2456,1599
IMG_4784.jpg,4032,3024,three,2017,1599,2182,1757
IMG_4784.jpg,4032,3024,three,2166,1583,2337,1767
IMG_4784.jpg,4032,3024,nine,2321,1605,2443,1751
IMG_4784.jpg,4032,3024,two,2414,1596,2566,1738
IMG_4784.jpg,4032,3024,six,2498,1670,2682,1841
IMG_4784.jpg,4032,3024,nine,2395,1715,2534,1854
IMG_4784.jpg,4032,3024,two,2388,1812,2553,1951
IMG_4784.jpg,4032,3024,seven,2150,1851,2308,2018
IMG_4784.jpg,4032,3024,one,2288,1822,2434,1957
IMG_4784.jpg,4032,3024,six,2124,1718,2311,1880
IMG_4785.jpg,4032,3024,six,1372,22,1905,551
IMG_4785.jpg,4032,3024,two,1756,215,2298,757
IMG_4785.jpg,4032,3024,four,2192,476,2721,1028
IMG_4785.jpg,4032,3024,eight,1421,651,1956,1180
IMG_4785.jpg,4032,3024,four,1879,722,2421,1260
IMG_4785.jpg,4032,3024,four,2359,1028,2908,1547
IMG_4785.jpg,4032,3024,three,1143,1025,1837,1612
IMG_4785.jpg,4032,3024,two,1750,1199,2292,1818
IMG_4785.jpg,4032,3024,nine,2211,1464,2743,2028
IMG_4785.jpg,4032,3024,two,2637,1605,3205,2134
IMG_4785.jpg,4032,3024,six,2879,1996,3453,2638
IMG_4785.jpg,4032,3024,six,1343,1531,2053,2199
IMG_4785.jpg,4032,3024,six,1924,1728,2501,2357
IMG_4785.jpg,4032,3024,nine,2521,1519,3063,2070
IMG_4785.jpg,4032,3024,seven,1179,2196,1921,2925
IMG_4785.jpg,4032,3024,one,1814,2196,2443,2970
IMG_4785.jpg,4032,3024,two,2330,2380,2969,2983
